ID_Tempo,Data,Dia,Mes,Ano,Trimestre,Semana
1,2020-01-01,1,1,2020,1,1
2,2020-01-02,2,1,2020,1,1
3,2020-01-03,3,1,2020,1,1
4,2020-01-04,4,1,2020,1,1
5,2020-01-05,5,1,2020,1,1
6,2020-01-06,6,1,2020,1,2
7,2020-01-07,7,1,2020,1,2
8,2020-01-08,8,1,2020,1,2
9,2020-01-09,9,1,2020,1,2
10,2020-01-10,10,1,2020,1,2
11,2020-01-11,11,1,2020,1,2
12,2020-01-12,12,1,2020,1,2
13,2020-01-13,13,1,2020,1,3
14,2020-01-14,14,1,2020,1,3
15,2020-01-15,15,1,2020,1,3
16,2020-01-16,16,1,2020,1,3
17,2020-01-17,17,1,2020,1,3
18,2020-01-18,18,1,2020,1,3
19,2020-01-19,19,1,2020,1,3
20,2020-01-20,20,1,2020,1,4
21,2020-01-21,21,1,2020,1,4
22,2020-01-22,22,1,2020,1,4
23,2020-01-23,23,1,2020,1,4
24,2020-01-24,24,1,2020,1,4
25,2020-01-25,25,1,2020,1,4
26,2020-01-26,26,1,2020,1,4
27,2020-01-27,27,1,2020,1,5
28,2020-01-28,28,1,2020,1,5
29,2020-01-29,29,1,2020,1,5
30,2020-01-30,30,1,2020,1,5
31,2020-01-31,31,1,2020,1,5
32,2020-02-01,1,2,2020,1,5
33,2020-02-02,2,2,2020,1,5
34,2020-02-03,3,2,2020,1,6
35,2020-02-04,4,2,2020,1,6
36,2020-02-05,5,2,2020,1,6
37,2020-02-06,6,2,2020,1,6
38,2020-02-07,7,2,2020,1,6
39,2020-02-08,8,2,2020,1,6
40,2020-02-09,9,2,2020,1,6
41,2020-02-10,10,2,2020,1,7
42,2020-02-11,11,2,2020,1,7
43,2020-02-12,12,2,2020,1,7
44,2020-02-13,13,2,2020,1,7
45,2020-02-14,14,2,2020,1,7
46,2020-02-15,15,2,2020,1,7
47,2020-02-16,16,2,2020,1,7
48,2020-02-17,17,2,2020,1,8
49,2020-02-18,18,2,2020,1,8
50,2020-02-19,19,2,2020,1,8
51,2020-02-20,20,2,2020,1,8
52,2020-02-21,21,2,2020,1,8
53,2020-02-22,22,2,2020,1,8
54,2020-02-23,23,2,2020,1,8
55,2020-02-24,24,2,2020,1,9
56,2020-02-25,25,2,2020,1,9
57,2020-02-26,26,2,2020,1,9
58,2020-02-27,27,2,2020,1,9
59,2020-02-28,28,2,2020,1,9
60,2020-02-29,29,2,2020,1,9
61,2020-03-01,1,3,2020,1,9
62,2020-03-02,2,3,2020,1,10
63,2020-03-03,3,3,2020,1,10
64,2020-03-04,4,3,2020,1,10
65,2020-03-05,5,3,2020,1,10
66,2020-03-06,6,3,2020,1,10
67,2020-03-07,7,3,2020,1,10
68,2020-03-08,8,3,2020,1,10
69,2020-03-09,9,3,2020,1,11
70,2020-03-10,10,3,2020,1,11
71,2020-03-11,11,3,2020,1,11
72,2020-03-12,12,3,2020,1,11
73,2020-03-13,13,3,2020,1,11
74,2020-03-14,14,3,2020,1,11
75,2020-03-15,15,3,2020,1,11
76,2020-03-16,16,3,2020,1,12
77,2020-03-17,17,3,2020,1,12
78,2020-03-18,18,3,2020,1,12
79,2020-03-19,19,3,2020,1,12
80,2020-03-20,20,3,2020,1,12
81,2020-03-21,21,3,2020,1,12
82,2020-03-22,22,3,2020,1,12
83,2020-03-23,23,3,2020,1,13
84,2020-03-24,24,3,2020,1,13
85,2020-03-25,25,3,2020,1,13
86,2020-03-26,26,3,2020,1,13
87,2020-03-27,27,3,2020,1,13
88,2020-03-28,28,3,2020,1,13
89,2020-03-29,29,3,2020,1,13
90,2020-03-30,30,3,2020,1,14
91,2020-03-31,31,3,2020,1,14
92,2020-04-01,1,4,2020,2,14
93,2020-04-02,2,4,2020,2,14
94,2020-04-03,3,4,2020,2,14
95,2020-04-04,4,4,2020,2,14
96,2020-04-05,5,4,2020,2,14
97,2020-04-06,6,4,2020,2,15
98,2020-04-07,7,4,2020,2,15
99,2020-04-08,8,4,2020,2,15
100,2020-04-09,9,4,2020,2,15
101,2020-04-10,10,4,2020,2,15
102,2020-04-11,11,4,2020,2,15
103,2020-04-12,12,4,2020,2,15
104,2020-04-13,13,4,2020,2,16
105,2020-04-14,14,4,2020,2,16
106,2020-04-15,15,4,2020,2,16
107,2020-04-16,16,4,2020,2,16
108,2020-04-17,17,4,2020,2,16
109,2020-04-18,18,4,2020,2,16
110,2020-04-19,19,4,2020,2,16
111,2020-04-20,20,4,2020,2,17
112,2020-04-21,21,4,2020,2,17
113,2020-04-22,22,4,2020,2,17
114,2020-04-23,23,4,2020,2,17
115,2020-04-24,24,4,2020,2,17
116,2020-04-25,25,4,2020,2,17
117,2020-04-26,26,4,2020,2,17
118,2020-04-27,27,4,2020,2,18
119,2020-04-28,28,4,2020,2,18
120,2020-04-29,29,4,2020,2,18
121,2020-04-30,30,4,2020,2,18
122,2020-05-01,1,5,2020,2,18
123,2020-05-02,2,5,2020,2,18
124,2020-05-03,3,5,2020,2,18
125,2020-05-04,4,5,2020,2,19
126,2020-05-05,5,5,2020,2,19
127,2020-05-06,6,5,2020,2,19
128,2020-05-07,7,5,2020,2,19
129,2020-05-08,8,5,2020,2,19
130,2020-05-09,9,5,2020,2,19
131,2020-05-10,10,5,2020,2,19
132,2020-05-11,11,5,2020,2,20
133,2020-05-12,12,5,2020,2,20
134,2020-05-13,13,5,2020,2,20
135,2020-05-14,14,5,2020,2,20
136,2020-05-15,15,5,2020,2,20
137,2020-05-16,16,5,2020,2,20
138,2020-05-17,17,5,2020,2,20
139,2020-05-18,18,5,2020,2,21
140,2020-05-19,19,5,2020,2,21
141,2020-05-20,20,5,2020,2,21
142,2020-05-21,21,5,2020,2,21
143,2020-05-22,22,5,2020,2,21
144,2020-05-23,23,5,2020,2,21
145,2020-05-24,24,5,2020,2,21
146,2020-05-25,25,5,2020,2,22
147,2020-05-26,26,5,2020,2,22
148,2020-05-27,27,5,2020,2,22
149,2020-05-28,28,5,2020,2,22
150,2020-05-29,29,5,2020,2,22
151,2020-05-30,30,5,2020,2,22
152,2020-05-31,31,5,2020,2,22
153,2020-06-01,1,6,2020,2,23
154,2020-06-02,2,6,2020,2,23
155,2020-06-03,3,6,2020,2,23
156,2020-06-04,4,6,2020,2,23
157,2020-06-05,5,6,2020,2,23
158,2020-06-06,6,6,2020,2,23
159,2020-06-07,7,6,2020,2,23
160,2020-06-08,8,6,2020,2,24
161,2020-06-09,9,6,2020,2,24
162,2020-06-10,10,6,2020,2,24
163,2020-06-11,11,6,2020,2,24
164,2020-06-12,12,6,2020,2,24
165,2020-06-13,13,6,2020,2,24
166,2020-06-14,14,6,2020,2,24
167,2020-06-15,15,6,2020,2,25
168,2020-06-16,16,6,2020,2,25
169,2020-06-17,17,6,2020,2,25
170,2020-06-18,18,6,2020,2,25
171,2020-06-19,19,6,2020,2,25
172,2020-06-20,20,6,2020,2,25
173,2020-06-21,21,6,2020,2,25
174,2020-06-22,22,6,2020,2,26
175,2020-06-23,23,6,2020,2,26
176,2020-06-24,24,6,2020,2,26
177,2020-06-25,25,6,2020,2,26
178,2020-06-26,26,6,2020,2,26
179,2020-06-27,27,6,2020,2,26
180,2020-06-28,28,6,2020,2,26
181,2020-06-29,29,6,2020,2,27
182,2020-06-30,30,6,2020,2,27
183,2020-07-01,1,7,2020,3,27
184,2020-07-02,2,7,2020,3,27
185,2020-07-03,3,7,2020,3,27
186,2020-07-04,4,7,2020,3,27
187,2020-07-05,5,7,2020,3,27
188,2020-07-06,6,7,2020,3,28
189,2020-07-07,7,7,2020,3,28
190,2020-07-08,8,7,2020,3,28
191,2020-07-09,9,7,2020,3,28
192,2020-07-10,10,7,2020,3,28
193,2020-07-11,11,7,2020,3,28
194,2020-07-12,12,7,2020,3,28
195,2020-07-13,13,7,2020,3,29
196,2020-07-14,14,7,2020,3,29
197,2020-07-15,15,7,2020,3,29
198,2020-07-16,16,7,2020,3,29
199,2020-07-17,17,7,2020,3,29
200,2020-07-18,18,7,2020,3,29
201,2020-07-19,19,7,2020,3,29
202,2020-07-20,20,7,2020,3,30
203,2020-07-21,21,7,2020,3,30
204,2020-07-22,22,7,2020,3,30
205,2020-07-23,23,7,2020,3,30
206,2020-07-24,24,7,2020,3,30
207,2020-07-25,25,7,2020,3,30
208,2020-07-26,26,7,2020,3,30
209,2020-07-27,27,7,2020,3,31
210,2020-07-28,28,7,2020,3,31
211,2020-07-29,29,7,2020,3,31
212,2020-07-30,30,7,2020,3,31
213,2020-07-31,31,7,2020,3,31
214,2020-08-01,1,8,2020,3,31
215,2020-08-02,2,8,2020,3,31
216,2020-08-03,3,8,2020,3,32
217,2020-08-04,4,8,2020,3,32
218,2020-08-05,5,8,2020,3,32
219,2020-08-06,6,8,2020,3,32
220,2020-08-07,7,8,2020,3,32
221,2020-08-08,8,8,2020,3,32
222,2020-08-09,9,8,2020,3,32
223,2020-08-10,10,8,2020,3,33
224,2020-08-11,11,8,2020,3,33
225,2020-08-12,12,8,2020,3,33
226,2020-08-13,13,8,2020,3,33
227,2020-08-14,14,8,2020,3,33
228,2020-08-15,15,8,2020,3,33
229,2020-08-16,16,8,2020,3,33
230,2020-08-17,17,8,2020,3,34
231,2020-08-18,18,8,2020,3,34
232,2020-08-19,19,8,2020,3,34
233,2020-08-20,20,8,2020,3,34
234,2020-08-21,21,8,2020,3,34
235,2020-08-22,22,8,2020,3,34
236,2020-08-23,23,8,2020,3,34
237,2020-08-24,24,8,2020,3,35
238,2020-08-25,25,8,2020,3,35
239,2020-08-26,26,8,2020,3,35
240,2020-08-27,27,8,2020,3,35
241,2020-08-28,28,8,2020,3,35
242,2020-08-29,29,8,2020,3,35
243,2020-08-30,30,8,2020,3,35
244,2020-08-31,31,8,2020,3,36
245,2020-09-01,1,9,2020,3,36
246,2020-09-02,2,9,2020,3,36
247,2020-09-03,3,9,2020,3,36
248,2020-09-04,4,9,2020,3,36
249,2020-09-05,5,9,2020,3,36
250,2020-09-06,6,9,2020,3,36
251,2020-09-07,7,9,2020,3,37
252,2020-09-08,8,9,2020,3,37
253,2020-09-09,9,9,2020,3,37
254,2020-09-10,10,9,2020,3,37
255,2020-09-11,11,9,2020,3,37
256,2020-09-12,12,9,2020,3,37
257,2020-09-13,13,9,2020,3,37
258,2020-09-14,14,9,2020,3,38
259,2020-09-15,15,9,2020,3,38
260,2020-09-16,16,9,2020,3,38
261,2020-09-17,17,9,2020,3,38
262,2020-09-18,18,9,2020,3,38
263,2020-09-19,19,9,2020,3,38
264,2020-09-20,20,9,2020,3,38
265,2020-09-21,21,9,2020,3,39
266,2020-09-22,22,9,2020,3,39
267,2020-09-23,23,9,2020,3,39
268,2020-09-24,24,9,2020,3,39
269,2020-09-25,25,9,2020,3,39
270,2020-09-26,26,9,2020,3,39
271,2020-09-27,27,9,2020,3,39
272,2020-09-28,28,9,2020,3,40
273,2020-09-29,29,9,2020,3,40
274,2020-09-30,30,9,2020,3,40
275,2020-10-01,1,10,2020,4,40
276,2020-10-02,2,10,2020,4,40
277,2020-10-03,3,10,2020,4,40
278,2020-10-04,4,10,2020,4,40
279,2020-10-05,5,10,2020,4,41
280,2020-10-06,6,10,2020,4,41
281,2020-10-07,7,10,2020,4,41
282,2020-10-08,8,10,2020,4,41
283,2020-10-09,9,10,2020,4,41
284,2020-10-10,10,10,2020,4,41
285,2020-10-11,11,10,2020,4,41
286,2020-10-12,12,10,2020,4,42
287,2020-10-13,13,10,2020,4,42
288,2020-10-14,14,10,2020,4,42
289,2020-10-15,15,10,2020,4,42
290,2020-10-16,16,10,2020,4,42
291,2020-10-17,17,10,2020,4,42
292,2020-10-18,18,10,2020,4,42
293,2020-10-19,19,10,2020,4,43
294,2020-10-20,20,10,2020,4,43
295,2020-10-21,21,10,2020,4,43
296,2020-10-22,22,10,2020,4,43
297,2020-10-23,23,10,2020,4,43
298,2020-10-24,24,10,2020,4,43
299,2020-10-25,25,10,2020,4,43
300,2020-10-26,26,10,2020,4,44
301,2020-10-27,27,10,2020,4,44
302,2020-10-28,28,10,2020,4,44
303,2020-10-29,29,10,2020,4,44
304,2020-10-30,30,10,2020,4,44
305,2020-10-31,31,10,2020,4,44
306,2020-11-01,1,11,2020,4,44
307,2020-11-02,2,11,2020,4,45
308,2020-11-03,3,11,2020,4,45
309,2020-11-04,4,11,2020,4,45
310,2020-11-05,5,11,2020,4,45
311,2020-11-06,6,11,2020,4,45
312,2020-11-07,7,11,2020,4,45
313,2020-11-08,8,11,2020,4,45
314,2020-11-09,9,11,2020,4,46
315,2020-11-10,10,11,2020,4,46
316,2020-11-11,11,11,2020,4,46
317,2020-11-12,12,11,2020,4,46
318,2020-11-13,13,11,2020,4,46
319,2020-11-14,14,11,2020,4,46
320,2020-11-15,15,11,2020,4,46
321,2020-11-16,16,11,2020,4,47
322,2020-11-17,17,11,2020,4,47
323,2020-11-18,18,11,2020,4,47
324,2020-11-19,19,11,2020,4,47
325,2020-11-20,20,11,2020,4,47
326,2020-11-21,21,11,2020,4,47
327,2020-11-22,22,11,2020,4,47
328,2020-11-23,23,11,2020,4,48
329,2020-11-24,24,11,2020,4,48
330,2020-11-25,25,11,2020,4,48
331,2020-11-26,26,11,2020,4,48
332,2020-11-27,27,11,2020,4,48
333,2020-11-28,28,11,2020,4,48
334,2020-11-29,29,11,2020,4,48
335,2020-11-30,30,11,2020,4,49
336,2020-12-01,1,12,2020,4,49
337,2020-12-02,2,12,2020,4,49
338,2020-12-03,3,12,2020,4,49
339,2020-12-04,4,12,2020,4,49
340,2020-12-05,5,12,2020,4,49
341,2020-12-06,6,12,2020,4,49
342,2020-12-07,7,12,2020,4,50
343,2020-12-08,8,12,2020,4,50
344,2020-12-09,9,12,2020,4,50
345,2020-12-10,10,12,2020,4,50
346,2020-12-11,11,12,2020,4,50
347,2020-12-12,12,12,2020,4,50
348,2020-12-13,13,12,2020,4,50
349,2020-12-14,14,12,2020,4,51
350,2020-12-15,15,12,2020,4,51
351,2020-12-16,16,12,2020,4,51
352,2020-12-17,17,12,2020,4,51
353,2020-12-18,18,12,2020,4,51
354,2020-12-19,19,12,2020,4,51
355,2020-12-20,20,12,2020,4,51
356,2020-12-21,21,12,2020,4,52
357,2020-12-22,22,12,2020,4,52
358,2020-12-23,23,12,2020,4,52
359,2020-12-24,24,12,2020,4,52
360,2020-12-25,25,12,2020,4,52
361,2020-12-26,26,12,2020,4,52
362,2020-12-27,27,12,2020,4,52
363,2020-12-28,28,12,2020,4,53
364,2020-12-29,29,12,2020,4,53
365,2020-12-30,30,12,2020,4,53
366,2020-12-31,31,12,2020,4,53
367,2021-01-01,1,1,2021,1,53
368,2021-01-02,2,1,2021,1,53
369,2021-01-03,3,1,2021,1,53
370,2021-01-04,4,1,2021,1,1
371,2021-01-05,5,1,2021,1,1
372,2021-01-06,6,1,2021,1,1
373,2021-01-07,7,1,2021,1,1
374,2021-01-08,8,1,2021,1,1
375,2021-01-09,9,1,2021,1,1
376,2021-01-10,10,1,2021,1,1
377,2021-01-11,11,1,2021,1,2
378,2021-01-12,12,1,2021,1,2
379,2021-01-13,13,1,2021,1,2
380,2021-01-14,14,1,2021,1,2
381,2021-01-15,15,1,2021,1,2
382,2021-01-16,16,1,2021,1,2
383,2021-01-17,17,1,2021,1,2
384,2021-01-18,18,1,2021,1,3
385,2021-01-19,19,1,2021,1,3
386,2021-01-20,20,1,2021,1,3
387,2021-01-21,21,1,2021,1,3
388,2021-01-22,22,1,2021,1,3
389,2021-01-23,23,1,2021,1,3
390,2021-01-24,24,1,2021,1,3
391,2021-01-25,25,1,2021,1,4
392,2021-01-26,26,1,2021,1,4
393,2021-01-27,27,1,2021,1,4
394,2021-01-28,28,1,2021,1,4
395,2021-01-29,29,1,2021,1,4
396,2021-01-30,30,1,2021,1,4
397,2021-01-31,31,1,2021,1,4
398,2021-02-01,1,2,2021,1,5
399,2021-02-02,2,2,2021,1,5
400,2021-02-03,3,2,2021,1,5
401,2021-02-04,4,2,2021,1,5
402,2021-02-05,5,2,2021,1,5
403,2021-02-06,6,2,2021,1,5
404,2021-02-07,7,2,2021,1,5
405,2021-02-08,8,2,2021,1,6
406,2021-02-09,9,2,2021,1,6
407,2021-02-10,10,2,2021,1,6
408,2021-02-11,11,2,2021,1,6
409,2021-02-12,12,2,2021,1,6
410,2021-02-13,13,2,2021,1,6
411,2021-02-14,14,2,2021,1,6
412,2021-02-15,15,2,2021,1,7
413,2021-02-16,16,2,2021,1,7
414,2021-02-17,17,2,2021,1,7
415,2021-02-18,18,2,2021,1,7
416,2021-02-19,19,2,2021,1,7
417,2021-02-20,20,2,2021,1,7
418,2021-02-21,21,2,2021,1,7
419,2021-02-22,22,2,2021,1,8
420,2021-02-23,23,2,2021,1,8
421,2021-02-24,24,2,2021,1,8
422,2021-02-25,25,2,2021,1,8
423,2021-02-26,26,2,2021,1,8
424,2021-02-27,27,2,2021,1,8
425,2021-02-28,28,2,2021,1,8
426,2021-03-01,1,3,2021,1,9
427,2021-03-02,2,3,2021,1,9
428,2021-03-03,3,3,2021,1,9
429,2021-03-04,4,3,2021,1,9
430,2021-03-05,5,3,2021,1,9
431,2021-03-06,6,3,2021,1,9
432,2021-03-07,7,3,2021,1,9
433,2021-03-08,8,3,2021,1,10
434,2021-03-09,9,3,2021,1,10
435,2021-03-10,10,3,2021,1,10
436,2021-03-11,11,3,2021,1,10
437,2021-03-12,12,3,2021,1,10
438,2021-03-13,13,3,2021,1,10
439,2021-03-14,14,3,2021,1,10
440,2021-03-15,15,3,2021,1,11
441,2021-03-16,16,3,2021,1,11
442,2021-03-17,17,3,2021,1,11
443,2021-03-18,18,3,2021,1,11
444,2021-03-19,19,3,2021,1,11
445,2021-03-20,20,3,2021,1,11
446,2021-03-21,21,3,2021,1,11
447,2021-03-22,22,3,2021,1,12
448,2021-03-23,23,3,2021,1,12
449,2021-03-24,24,3,2021,1,12
450,2021-03-25,25,3,2021,1,12
451,2021-03-26,26,3,2021,1,12
452,2021-03-27,27,3,2021,1,12
453,2021-03-28,28,3,2021,1,12
454,2021-03-29,29,3,2021,1,13
455,2021-03-30,30,3,2021,1,13
456,2021-03-31,31,3,2021,1,13
457,2021-04-01,1,4,2021,2,13
458,2021-04-02,2,4,2021,2,13
459,2021-04-03,3,4,2021,2,13
460,2021-04-04,4,4,2021,2,13
461,2021-04-05,5,4,2021,2,14
462,2021-04-06,6,4,2021,2,14
463,2021-04-07,7,4,2021,2,14
464,2021-04-08,8,4,2021,2,14
465,2021-04-09,9,4,2021,2,14
466,2021-04-10,10,4,2021,2,14
467,2021-04-11,11,4,2021,2,14
468,2021-04-12,12,4,2021,2,15
469,2021-04-13,13,4,2021,2,15
470,2021-04-14,14,4,2021,2,15
471,2021-04-15,15,4,2021,2,15
472,2021-04-16,16,4,2021,2,15
473,2021-04-17,17,4,2021,2,15
474,2021-04-18,18,4,2021,2,15
475,2021-04-19,19,4,2021,2,16
476,2021-04-20,20,4,2021,2,16
477,2021-04-21,21,4,2021,2,16
478,2021-04-22,22,4,2021,2,16
479,2021-04-23,23,4,2021,2,16
480,2021-04-24,24,4,2021,2,16
481,2021-04-25,25,4,2021,2,16
482,2021-04-26,26,4,2021,2,17
483,2021-04-27,27,4,2021,2,17
484,2021-04-28,28,4,2021,2,17
485,2021-04-29,29,4,2021,2,17
486,2021-04-30,30,4,2021,2,17
487,2021-05-01,1,5,2021,2,17
488,2021-05-02,2,5,2021,2,17
489,2021-05-03,3,5,2021,2,18
490,2021-05-04,4,5,2021,2,18
491,2021-05-05,5,5,2021,2,18
492,2021-05-06,6,5,2021,2,18
493,2021-05-07,7,5,2021,2,18
494,2021-05-08,8,5,2021,2,18
495,2021-05-09,9,5,2021,2,18
496,2021-05-10,10,5,2021,2,19
497,2021-05-11,11,5,2021,2,19
498,2021-05-12,12,5,2021,2,19
499,2021-05-13,13,5,2021,2,19
500,2021-05-14,14,5,2021,2,19
501,2021-05-15,15,5,2021,2,19
502,2021-05-16,16,5,2021,2,19
503,2021-05-17,17,5,2021,2,20
504,2021-05-18,18,5,2021,2,20
505,2021-05-19,19,5,2021,2,20
506,2021-05-20,20,5,2021,2,20
507,2021-05-21,21,5,2021,2,20
508,2021-05-22,22,5,2021,2,20
509,2021-05-23,23,5,2021,2,20
510,2021-05-24,24,5,2021,2,21
511,2021-05-25,25,5,2021,2,21
512,2021-05-26,26,5,2021,2,21
513,2021-05-27,27,5,2021,2,21
514,2021-05-28,28,5,2021,2,21
515,2021-05-29,29,5,2021,2,21
516,2021-05-30,30,5,2021,2,21
517,2021-05-31,31,5,2021,2,22
518,2021-06-01,1,6,2021,2,22
519,2021-06-02,2,6,2021,2,22
520,2021-06-03,3,6,2021,2,22
521,2021-06-04,4,6,2021,2,22
522,2021-06-05,5,6,2021,2,22
523,2021-06-06,6,6,2021,2,22
524,2021-06-07,7,6,2021,2,23
525,2021-06-08,8,6,2021,2,23
526,2021-06-09,9,6,2021,2,23
527,2021-06-10,10,6,2021,2,23
528,2021-06-11,11,6,2021,2,23
529,2021-06-12,12,6,2021,2,23
530,2021-06-13,13,6,2021,2,23
531,2021-06-14,14,6,2021,2,24
532,2021-06-15,15,6,2021,2,24
533,2021-06-16,16,6,2021,2,24
534,2021-06-17,17,6,2021,2,24
535,2021-06-18,18,6,2021,2,24
536,2021-06-19,19,6,2021,2,24
537,2021-06-20,20,6,2021,2,24
538,2021-06-21,21,6,2021,2,25
539,2021-06-22,22,6,2021,2,25
540,2021-06-23,23,6,2021,2,25
541,2021-06-24,24,6,2021,2,25
542,2021-06-25,25,6,2021,2,25
543,2021-06-26,26,6,2021,2,25
544,2021-06-27,27,6,2021,2,25
545,2021-06-28,28,6,2021,2,26
546,2021-06-29,29,6,2021,2,26
547,2021-06-30,30,6,2021,2,26
548,2021-07-01,1,7,2021,3,26
549,2021-07-02,2,7,2021,3,26
550,2021-07-03,3,7,2021,3,26
551,2021-07-04,4,7,2021,3,26
552,2021-07-05,5,7,2021,3,27
553,2021-07-06,6,7,2021,3,27
554,2021-07-07,7,7,2021,3,27
555,2021-07-08,8,7,2021,3,27
556,2021-07-09,9,7,2021,3,27
557,2021-07-10,10,7,2021,3,27
558,2021-07-11,11,7,2021,3,27
559,2021-07-12,12,7,2021,3,28
560,2021-07-13,13,7,2021,3,28
561,2021-07-14,14,7,2021,3,28
562,2021-07-15,15,7,2021,3,28
563,2021-07-16,16,7,2021,3,28
564,2021-07-17,17,7,2021,3,28
565,2021-07-18,18,7,2021,3,28
566,2021-07-19,19,7,2021,3,29
567,2021-07-20,20,7,2021,3,29
568,2021-07-21,21,7,2021,3,29
569,2021-07-22,22,7,2021,3,29
570,2021-07-23,23,7,2021,3,29
571,2021-07-24,24,7,2021,3,29
572,2021-07-25,25,7,2021,3,29
573,2021-07-26,26,7,2021,3,30
574,2021-07-27,27,7,2021,3,30
575,2021-07-28,28,7,2021,3,30
576,2021-07-29,29,7,2021,3,30
577,2021-07-30,30,7,2021,3,30
578,2021-07-31,31,7,2021,3,30
579,2021-08-01,1,8,2021,3,30
580,2021-08-02,2,8,2021,3,31
581,2021-08-03,3,8,2021,3,31
582,2021-08-04,4,8,2021,3,31
583,2021-08-05,5,8,2021,3,31
584,2021-08-06,6,8,2021,3,31
585,2021-08-07,7,8,2021,3,31
586,2021-08-08,8,8,2021,3,31
587,2021-08-09,9,8,2021,3,32
588,2021-08-10,10,8,2021,3,32
589,2021-08-11,11,8,2021,3,32
590,2021-08-12,12,8,2021,3,32
591,2021-08-13,13,8,2021,3,32
592,2021-08-14,14,8,2021,3,32
593,2021-08-15,15,8,2021,3,32
594,2021-08-16,16,8,2021,3,33
595,2021-08-17,17,8,2021,3,33
596,2021-08-18,18,8,2021,3,33
597,2021-08-19,19,8,2021,3,33
598,2021-08-20,20,8,2021,3,33
599,2021-08-21,21,8,2021,3,33
600,2021-08-22,22,8,2021,3,33
601,2021-08-23,23,8,2021,3,34
602,2021-08-24,24,8,2021,3,34
603,2021-08-25,25,8,2021,3,34
604,2021-08-26,26,8,2021,3,34
605,2021-08-27,27,8,2021,3,34
606,2021-08-28,28,8,2021,3,34
607,2021-08-29,29,8,2021,3,34
608,2021-08-30,30,8,2021,3,35
609,2021-08-31,31,8,2021,3,35
610,2021-09-01,1,9,2021,3,35
611,2021-09-02,2,9,2021,3,35
612,2021-09-03,3,9,2021,3,35
613,2021-09-04,4,9,2021,3,35
614,2021-09-05,5,9,2021,3,35
615,2021-09-06,6,9,2021,3,36
616,2021-09-07,7,9,2021,3,36
617,2021-09-08,8,9,2021,3,36
618,2021-09-09,9,9,2021,3,36
619,2021-09-10,10,9,2021,3,36
620,2021-09-11,11,9,2021,3,36
621,2021-09-12,12,9,2021,3,36
622,2021-09-13,13,9,2021,3,37
623,2021-09-14,14,9,2021,3,37
624,2021-09-15,15,9,2021,3,37
625,2021-09-16,16,9,2021,3,37
626,2021-09-17,17,9,2021,3,37
627,2021-09-18,18,9,2021,3,37
628,2021-09-19,19,9,2021,3,37
629,2021-09-20,20,9,2021,3,38
630,2021-09-21,21,9,2021,3,38
631,2021-09-22,22,9,2021,3,38
632,2021-09-23,23,9,2021,3,38
633,2021-09-24,24,9,2021,3,38
634,2021-09-25,25,9,2021,3,38
635,2021-09-26,26,9,2021,3,38
636,2021-09-27,27,9,2021,3,39
637,2021-09-28,28,9,2021,3,39
638,2021-09-29,29,9,2021,3,39
639,2021-09-30,30,9,2021,3,39
640,2021-10-01,1,10,2021,4,39
641,2021-10-02,2,10,2021,4,39
642,2021-10-03,3,10,2021,4,39
643,2021-10-04,4,10,2021,4,40
644,2021-10-05,5,10,2021,4,40
645,2021-10-06,6,10,2021,4,40
646,2021-10-07,7,10,2021,4,40
647,2021-10-08,8,10,2021,4,40
648,2021-10-09,9,10,2021,4,40
649,2021-10-10,10,10,2021,4,40
650,2021-10-11,11,10,2021,4,41
651,2021-10-12,12,10,2021,4,41
652,2021-10-13,13,10,2021,4,41
653,2021-10-14,14,10,2021,4,41
654,2021-10-15,15,10,2021,4,41
655,2021-10-16,16,10,2021,4,41
656,2021-10-17,17,10,2021,4,41
657,2021-10-18,18,10,2021,4,42
658,2021-10-19,19,10,2021,4,42
659,2021-10-20,20,10,2021,4,42
660,2021-10-21,21,10,2021,4,42
661,2021-10-22,22,10,2021,4,42
662,2021-10-23,23,10,2021,4,42
663,2021-10-24,24,10,2021,4,42
664,2021-10-25,25,10,2021,4,43
665,2021-10-26,26,10,2021,4,43
666,2021-10-27,27,10,2021,4,43
667,2021-10-28,28,10,2021,4,43
668,2021-10-29,29,10,2021,4,43
669,2021-10-30,30,10,2021,4,43
670,2021-10-31,31,10,2021,4,43
671,2021-11-01,1,11,2021,4,44
672,2021-11-02,2,11,2021,4,44
673,2021-11-03,3,11,2021,4,44
674,2021-11-04,4,11,2021,4,44
675,2021-11-05,5,11,2021,4,44
676,2021-11-06,6,11,2021,4,44
677,2021-11-07,7,11,2021,4,44
678,2021-11-08,8,11,2021,4,45
679,2021-11-09,9,11,2021,4,45
680,2021-11-10,10,11,2021,4,45
681,2021-11-11,11,11,2021,4,45
682,2021-11-12,12,11,2021,4,45
683,2021-11-13,13,11,2021,4,45
684,2021-11-14,14,11,2021,4,45
685,2021-11-15,15,11,2021,4,46
686,2021-11-16,16,11,2021,4,46
687,2021-11-17,17,11,2021,4,46
688,2021-11-18,18,11,2021,4,46
689,2021-11-19,19,11,2021,4,46
690,2021-11-20,20,11,2021,4,46
691,2021-11-21,21,11,2021,4,46
692,2021-11-22,22,11,2021,4,47
693,2021-11-23,23,11,2021,4,47
694,2021-11-24,24,11,2021,4,47
695,2021-11-25,25,11,2021,4,47
696,2021-11-26,26,11,2021,4,47
697,2021-11-27,27,11,2021,4,47
698,2021-11-28,28,11,2021,4,47
699,2021-11-29,29,11,2021,4,48
700,2021-11-30,30,11,2021,4,48
701,2021-12-01,1,12,2021,4,48
702,2021-12-02,2,12,2021,4,48
703,2021-12-03,3,12,2021,4,48
704,2021-12-04,4,12,2021,4,48
705,2021-12-05,5,12,2021,4,48
706,2021-12-06,6,12,2021,4,49
707,2021-12-07,7,12,2021,4,49
708,2021-12-08,8,12,2021,4,49
709,2021-12-09,9,12,2021,4,49
710,2021-12-10,10,12,2021,4,49
711,2021-12-11,11,12,2021,4,49
712,2021-12-12,12,12,2021,4,49
713,2021-12-13,13,12,2021,4,50
714,2021-12-14,14,12,2021,4,50
715,2021-12-15,15,12,2021,4,50
716,2021-12-16,16,12,2021,4,50
717,2021-12-17,17,12,2021,4,50
718,2021-12-18,18,12,2021,4,50
719,2021-12-19,19,12,2021,4,50
720,2021-12-20,20,12,2021,4,51
721,2021-12-21,21,12,2021,4,51
722,2021-12-22,22,12,2021,4,51
723,2021-12-23,23,12,2021,4,51
724,2021-12-24,24,12,2021,4,51
725,2021-12-25,25,12,2021,4,51
726,2021-12-26,26,12,2021,4,51
727,2021-12-27,27,12,2021,4,52
728,2021-12-28,28,12,2021,4,52
729,2021-12-29,29,12,2021,4,52
730,2021-12-30,30,12,2021,4,52
731,2021-12-31,31,12,2021,4,52
732,2022-01-01,1,1,2022,1,52
733,2022-01-02,2,1,2022,1,52
734,2022-01-03,3,1,2022,1,1
735,2022-01-04,4,1,2022,1,1
736,2022-01-05,5,1,2022,1,1
737,2022-01-06,6,1,2022,1,1
738,2022-01-07,7,1,2022,1,1
739,2022-01-08,8,1,2022,1,1
740,2022-01-09,9,1,2022,1,1
741,2022-01-10,10,1,2022,1,2
742,2022-01-11,11,1,2022,1,2
743,2022-01-12,12,1,2022,1,2
744,2022-01-13,13,1,2022,1,2
745,2022-01-14,14,1,2022,1,2
746,2022-01-15,15,1,2022,1,2
747,2022-01-16,16,1,2022,1,2
748,2022-01-17,17,1,2022,1,3
749,2022-01-18,18,1,2022,1,3
750,2022-01-19,19,1,2022,1,3
751,2022-01-20,20,1,2022,1,3
752,2022-01-21,21,1,2022,1,3
753,2022-01-22,22,1,2022,1,3
754,2022-01-23,23,1,2022,1,3
755,2022-01-24,24,1,2022,1,4
756,2022-01-25,25,1,2022,1,4
757,2022-01-26,26,1,2022,1,4
758,2022-01-27,27,1,2022,1,4
759,2022-01-28,28,1,2022,1,4
760,2022-01-29,29,1,2022,1,4
761,2022-01-30,30,1,2022,1,4
762,2022-01-31,31,1,2022,1,5
763,2022-02-01,1,2,2022,1,5
764,2022-02-02,2,2,2022,1,5
765,2022-02-03,3,2,2022,1,5
766,2022-02-04,4,2,2022,1,5
767,2022-02-05,5,2,2022,1,5
768,2022-02-06,6,2,2022,1,5
769,2022-02-07,7,2,2022,1,6
770,2022-02-08,8,2,2022,1,6
771,2022-02-09,9,2,2022,1,6
772,2022-02-10,10,2,2022,1,6
773,2022-02-11,11,2,2022,1,6
774,2022-02-12,12,2,2022,1,6
775,2022-02-13,13,2,2022,1,6
776,2022-02-14,14,2,2022,1,7
777,2022-02-15,15,2,2022,1,7
778,2022-02-16,16,2,2022,1,7
779,2022-02-17,17,2,2022,1,7
780,2022-02-18,18,2,2022,1,7
781,2022-02-19,19,2,2022,1,7
782,2022-02-20,20,2,2022,1,7
783,2022-02-21,21,2,2022,1,8
784,2022-02-22,22,2,2022,1,8
785,2022-02-23,23,2,2022,1,8
786,2022-02-24,24,2,2022,1,8
787,2022-02-25,25,2,2022,1,8
788,2022-02-26,26,2,2022,1,8
789,2022-02-27,27,2,2022,1,8
790,2022-02-28,28,2,2022,1,9
791,2022-03-01,1,3,2022,1,9
792,2022-03-02,2,3,2022,1,9
793,2022-03-03,3,3,2022,1,9
794,2022-03-04,4,3,2022,1,9
795,2022-03-05,5,3,2022,1,9
796,2022-03-06,6,3,2022,1,9
797,2022-03-07,7,3,2022,1,10
798,2022-03-08,8,3,2022,1,10
799,2022-03-09,9,3,2022,1,10
800,2022-03-10,10,3,2022,1,10
801,2022-03-11,11,3,2022,1,10
802,2022-03-12,12,3,2022,1,10
803,2022-03-13,13,3,2022,1,10
804,2022-03-14,14,3,2022,1,11
805,2022-03-15,15,3,2022,1,11
806,2022-03-16,16,3,2022,1,11
807,2022-03-17,17,3,2022,1,11
808,2022-03-18,18,3,2022,1,11
809,2022-03-19,19,3,2022,1,11
810,2022-03-20,20,3,2022,1,11
811,2022-03-21,21,3,2022,1,12
812,2022-03-22,22,3,2022,1,12
813,2022-03-23,23,3,2022,1,12
814,2022-03-24,24,3,2022,1,12
815,2022-03-25,25,3,2022,1,12
816,2022-03-26,26,3,2022,1,12
817,2022-03-27,27,3,2022,1,12
818,2022-03-28,28,3,2022,1,13
819,2022-03-29,29,3,2022,1,13
820,2022-03-30,30,3,2022,1,13
821,2022-03-31,31,3,2022,1,13
822,2022-04-01,1,4,2022,2,13
823,2022-04-02,2,4,2022,2,13
824,2022-04-03,3,4,2022,2,13
825,2022-04-04,4,4,2022,2,14
826,2022-04-05,5,4,2022,2,14
827,2022-04-06,6,4,2022,2,14
828,2022-04-07,7,4,2022,2,14
829,2022-04-08,8,4,2022,2,14
830,2022-04-09,9,4,2022,2,14
831,2022-04-10,10,4,2022,2,14
832,2022-04-11,11,4,2022,2,15
833,2022-04-12,12,4,2022,2,15
834,2022-04-13,13,4,2022,2,15
835,2022-04-14,14,4,2022,2,15
836,2022-04-15,15,4,2022,2,15
837,2022-04-16,16,4,2022,2,15
838,2022-04-17,17,4,2022,2,15
839,2022-04-18,18,4,2022,2,16
840,2022-04-19,19,4,2022,2,16
841,2022-04-20,20,4,2022,2,16
842,2022-04-21,21,4,2022,2,16
843,2022-04-22,22,4,2022,2,16
844,2022-04-23,23,4,2022,2,16
845,2022-04-24,24,4,2022,2,16
846,2022-04-25,25,4,2022,2,17
847,2022-04-26,26,4,2022,2,17
848,2022-04-27,27,4,2022,2,17
849,2022-04-28,28,4,2022,2,17
850,2022-04-29,29,4,2022,2,17
851,2022-04-30,30,4,2022,2,17
852,2022-05-01,1,5,2022,2,17
853,2022-05-02,2,5,2022,2,18
854,2022-05-03,3,5,2022,2,18
855,2022-05-04,4,5,2022,2,18
856,2022-05-05,5,5,2022,2,18
857,2022-05-06,6,5,2022,2,18
858,2022-05-07,7,5,2022,2,18
859,2022-05-08,8,5,2022,2,18
860,2022-05-09,9,5,2022,2,19
861,2022-05-10,10,5,2022,2,19
862,2022-05-11,11,5,2022,2,19
863,2022-05-12,12,5,2022,2,19
864,2022-05-13,13,5,2022,2,19
865,2022-05-14,14,5,2022,2,19
866,2022-05-15,15,5,2022,2,19
867,2022-05-16,16,5,2022,2,20
868,2022-05-17,17,5,2022,2,20
869,2022-05-18,18,5,2022,2,20
870,2022-05-19,19,5,2022,2,20
871,2022-05-20,20,5,2022,2,20
872,2022-05-21,21,5,2022,2,20
873,2022-05-22,22,5,2022,2,20
874,2022-05-23,23,5,2022,2,21
875,2022-05-24,24,5,2022,2,21
876,2022-05-25,25,5,2022,2,21
877,2022-05-26,26,5,2022,2,21
878,2022-05-27,27,5,2022,2,21
879,2022-05-28,28,5,2022,2,21
880,2022-05-29,29,5,2022,2,21
881,2022-05-30,30,5,2022,2,22
882,2022-05-31,31,5,2022,2,22
883,2022-06-01,1,6,2022,2,22
884,2022-06-02,2,6,2022,2,22
885,2022-06-03,3,6,2022,2,22
886,2022-06-04,4,6,2022,2,22
887,2022-06-05,5,6,2022,2,22
888,2022-06-06,6,6,2022,2,23
889,2022-06-07,7,6,2022,2,23
890,2022-06-08,8,6,2022,2,23
891,2022-06-09,9,6,2022,2,23
892,2022-06-10,10,6,2022,2,23
893,2022-06-11,11,6,2022,2,23
894,2022-06-12,12,6,2022,2,23
895,2022-06-13,13,6,2022,2,24
896,2022-06-14,14,6,2022,2,24
897,2022-06-15,15,6,2022,2,24
898,2022-06-16,16,6,2022,2,24
899,2022-06-17,17,6,2022,2,24
900,2022-06-18,18,6,2022,2,24
901,2022-06-19,19,6,2022,2,24
902,2022-06-20,20,6,2022,2,25
903,2022-06-21,21,6,2022,2,25
904,2022-06-22,22,6,2022,2,25
905,2022-06-23,23,6,2022,2,25
906,2022-06-24,24,6,2022,2,25
907,2022-06-25,25,6,2022,2,25
908,2022-06-26,26,6,2022,2,25
909,2022-06-27,27,6,2022,2,26
910,2022-06-28,28,6,2022,2,26
911,2022-06-29,29,6,2022,2,26
912,2022-06-30,30,6,2022,2,26
913,2022-07-01,1,7,2022,3,26
914,2022-07-02,2,7,2022,3,26
915,2022-07-03,3,7,2022,3,26
916,2022-07-04,4,7,2022,3,27
917,2022-07-05,5,7,2022,3,27
918,2022-07-06,6,7,2022,3,27
919,2022-07-07,7,7,2022,3,27
920,2022-07-08,8,7,2022,3,27
921,2022-07-09,9,7,2022,3,27
922,2022-07-10,10,7,2022,3,27
923,2022-07-11,11,7,2022,3,28
924,2022-07-12,12,7,2022,3,28
925,2022-07-13,13,7,2022,3,28
926,2022-07-14,14,7,2022,3,28
927,2022-07-15,15,7,2022,3,28
928,2022-07-16,16,7,2022,3,28
929,2022-07-17,17,7,2022,3,28
930,2022-07-18,18,7,2022,3,29
931,2022-07-19,19,7,2022,3,29
932,2022-07-20,20,7,2022,3,29
933,2022-07-21,21,7,2022,3,29
934,2022-07-22,22,7,2022,3,29
935,2022-07-23,23,7,2022,3,29
936,2022-07-24,24,7,2022,3,29
937,2022-07-25,25,7,2022,3,30
938,2022-07-26,26,7,2022,3,30
939,2022-07-27,27,7,2022,3,30
940,2022-07-28,28,7,2022,3,30
941,2022-07-29,29,7,2022,3,30
942,2022-07-30,30,7,2022,3,30
943,2022-07-31,31,7,2022,3,30
944,2022-08-01,1,8,2022,3,31
945,2022-08-02,2,8,2022,3,31
946,2022-08-03,3,8,2022,3,31
947,2022-08-04,4,8,2022,3,31
948,2022-08-05,5,8,2022,3,31
949,2022-08-06,6,8,2022,3,31
950,2022-08-07,7,8,2022,3,31
951,2022-08-08,8,8,2022,3,32
952,2022-08-09,9,8,2022,3,32
953,2022-08-10,10,8,2022,3,32
954,2022-08-11,11,8,2022,3,32
955,2022-08-12,12,8,2022,3,32
956,2022-08-13,13,8,2022,3,32
957,2022-08-14,14,8,2022,3,32
958,2022-08-15,15,8,2022,3,33
959,2022-08-16,16,8,2022,3,33
960,2022-08-17,17,8,2022,3,33
961,2022-08-18,18,8,2022,3,33
962,2022-08-19,19,8,2022,3,33
963,2022-08-20,20,8,2022,3,33
964,2022-08-21,21,8,2022,3,33
965,2022-08-22,22,8,2022,3,34
966,2022-08-23,23,8,2022,3,34
967,2022-08-24,24,8,2022,3,34
968,2022-08-25,25,8,2022,3,34
969,2022-08-26,26,8,2022,3,34
970,2022-08-27,27,8,2022,3,34
971,2022-08-28,28,8,2022,3,34
972,2022-08-29,29,8,2022,3,35
973,2022-08-30,30,8,2022,3,35
974,2022-08-31,31,8,2022,3,35
975,2022-09-01,1,9,2022,3,35
976,2022-09-02,2,9,2022,3,35
977,2022-09-03,3,9,2022,3,35
978,2022-09-04,4,9,2022,3,35
979,2022-09-05,5,9,2022,3,36
980,2022-09-06,6,9,2022,3,36
981,2022-09-07,7,9,2022,3,36
982,2022-09-08,8,9,2022,3,36
983,2022-09-09,9,9,2022,3,36
984,2022-09-10,10,9,2022,3,36
985,2022-09-11,11,9,2022,3,36
986,2022-09-12,12,9,2022,3,37
987,2022-09-13,13,9,2022,3,37
988,2022-09-14,14,9,2022,3,37
989,2022-09-15,15,9,2022,3,37
990,2022-09-16,16,9,2022,3,37
991,2022-09-17,17,9,2022,3,37
992,2022-09-18,18,9,2022,3,37
993,2022-09-19,19,9,2022,3,38
994,2022-09-20,20,9,2022,3,38
995,2022-09-21,21,9,2022,3,38
996,2022-09-22,22,9,2022,3,38
997,2022-09-23,23,9,2022,3,38
998,2022-09-24,24,9,2022,3,38
999,2022-09-25,25,9,2022,3,38
1000,2022-09-26,26,9,2022,3,39
1001,2022-09-27,27,9,2022,3,39
1002,2022-09-28,28,9,2022,3,39
1003,2022-09-29,29,9,2022,3,39
1004,2022-09-30,30,9,2022,3,39
1005,2022-10-01,1,10,2022,4,39
1006,2022-10-02,2,10,2022,4,39
1007,2022-10-03,3,10,2022,4,40
1008,2022-10-04,4,10,2022,4,40
1009,2022-10-05,5,10,2022,4,40
1010,2022-10-06,6,10,2022,4,40
1011,2022-10-07,7,10,2022,4,40
1012,2022-10-08,8,10,2022,4,40
1013,2022-10-09,9,10,2022,4,40
1014,2022-10-10,10,10,2022,4,41
1015,2022-10-11,11,10,2022,4,41
1016,2022-10-12,12,10,2022,4,41
1017,2022-10-13,13,10,2022,4,41
1018,2022-10-14,14,10,2022,4,41
1019,2022-10-15,15,10,2022,4,41
1020,2022-10-16,16,10,2022,4,41
1021,2022-10-17,17,10,2022,4,42
1022,2022-10-18,18,10,2022,4,42
1023,2022-10-19,19,10,2022,4,42
1024,2022-10-20,20,10,2022,4,42
1025,2022-10-21,21,10,2022,4,42
1026,2022-10-22,22,10,2022,4,42
1027,2022-10-23,23,10,2022,4,42
1028,2022-10-24,24,10,2022,4,43
1029,2022-10-25,25,10,2022,4,43
1030,2022-10-26,26,10,2022,4,43
1031,2022-10-27,27,10,2022,4,43
1032,2022-10-28,28,10,2022,4,43
1033,2022-10-29,29,10,2022,4,43
1034,2022-10-30,30,10,2022,4,43
1035,2022-10-31,31,10,2022,4,44
1036,2022-11-01,1,11,2022,4,44
1037,2022-11-02,2,11,2022,4,44
1038,2022-11-03,3,11,2022,4,44
1039,2022-11-04,4,11,2022,4,44
1040,2022-11-05,5,11,2022,4,44
1041,2022-11-06,6,11,2022,4,44
1042,2022-11-07,7,11,2022,4,45
1043,2022-11-08,8,11,2022,4,45
1044,2022-11-09,9,11,2022,4,45
1045,2022-11-10,10,11,2022,4,45
1046,2022-11-11,11,11,2022,4,45
1047,2022-11-12,12,11,2022,4,45
1048,2022-11-13,13,11,2022,4,45
1049,2022-11-14,14,11,2022,4,46
1050,2022-11-15,15,11,2022,4,46
1051,2022-11-16,16,11,2022,4,46
1052,2022-11-17,17,11,2022,4,46
1053,2022-11-18,18,11,2022,4,46
1054,2022-11-19,19,11,2022,4,46
1055,2022-11-20,20,11,2022,4,46
1056,2022-11-21,21,11,2022,4,47
1057,2022-11-22,22,11,2022,4,47
1058,2022-11-23,23,11,2022,4,47
1059,2022-11-24,24,11,2022,4,47
1060,2022-11-25,25,11,2022,4,47
1061,2022-11-26,26,11,2022,4,47
1062,2022-11-27,27,11,2022,4,47
1063,2022-11-28,28,11,2022,4,48
1064,2022-11-29,29,11,2022,4,48
1065,2022-11-30,30,11,2022,4,48
1066,2022-12-01,1,12,2022,4,48
1067,2022-12-02,2,12,2022,4,48
1068,2022-12-03,3,12,2022,4,48
1069,2022-12-04,4,12,2022,4,48
1070,2022-12-05,5,12,2022,4,49
1071,2022-12-06,6,12,2022,4,49
1072,2022-12-07,7,12,2022,4,49
1073,2022-12-08,8,12,2022,4,49
1074,2022-12-09,9,12,2022,4,49
1075,2022-12-10,10,12,2022,4,49
1076,2022-12-11,11,12,2022,4,49
1077,2022-12-12,12,12,2022,4,50
1078,2022-12-13,13,12,2022,4,50
1079,2022-12-14,14,12,2022,4,50
1080,2022-12-15,15,12,2022,4,50
1081,2022-12-16,16,12,2022,4,50
1082,2022-12-17,17,12,2022,4,50
1083,2022-12-18,18,12,2022,4,50
1084,2022-12-19,19,12,2022,4,51
1085,2022-12-20,20,12,2022,4,51
1086,2022-12-21,21,12,2022,4,51
1087,2022-12-22,22,12,2022,4,51
1088,2022-12-23,23,12,2022,4,51
1089,2022-12-24,24,12,2022,4,51
1090,2022-12-25,25,12,2022,4,51
1091,2022-12-26,26,12,2022,4,52
1092,2022-12-27,27,12,2022,4,52
1093,2022-12-28,28,12,2022,4,52
1094,2022-12-29,29,12,2022,4,52
1095,2022-12-30,30,12,2022,4,52
1096,2022-12-31,31,12,2022,4,52
1097,2023-01-01,1,1,2023,1,52
1098,2023-01-02,2,1,2023,1,1
1099,2023-01-03,3,1,2023,1,1
1100,2023-01-04,4,1,2023,1,1
1101,2023-01-05,5,1,2023,1,1
1102,2023-01-06,6,1,2023,1,1
1103,2023-01-07,7,1,2023,1,1
1104,2023-01-08,8,1,2023,1,1
1105,2023-01-09,9,1,2023,1,2
1106,2023-01-10,10,1,2023,1,2
1107,2023-01-11,11,1,2023,1,2
1108,2023-01-12,12,1,2023,1,2
1109,2023-01-13,13,1,2023,1,2
1110,2023-01-14,14,1,2023,1,2
1111,2023-01-15,15,1,2023,1,2
1112,2023-01-16,16,1,2023,1,3
1113,2023-01-17,17,1,2023,1,3
1114,2023-01-18,18,1,2023,1,3
1115,2023-01-19,19,1,2023,1,3
1116,2023-01-20,20,1,2023,1,3
1117,2023-01-21,21,1,2023,1,3
1118,2023-01-22,22,1,2023,1,3
1119,2023-01-23,23,1,2023,1,4
1120,2023-01-24,24,1,2023,1,4
1121,2023-01-25,25,1,2023,1,4
1122,2023-01-26,26,1,2023,1,4
1123,2023-01-27,27,1,2023,1,4
1124,2023-01-28,28,1,2023,1,4
1125,2023-01-29,29,1,2023,1,4
1126,2023-01-30,30,1,2023,1,5
1127,2023-01-31,31,1,2023,1,5
1128,2023-02-01,1,2,2023,1,5
1129,2023-02-02,2,2,2023,1,5
1130,2023-02-03,3,2,2023,1,5
1131,2023-02-04,4,2,2023,1,5
1132,2023-02-05,5,2,2023,1,5
1133,2023-02-06,6,2,2023,1,6
1134,2023-02-07,7,2,2023,1,6
1135,2023-02-08,8,2,2023,1,6
1136,2023-02-09,9,2,2023,1,6
1137,2023-02-10,10,2,2023,1,6
1138,2023-02-11,11,2,2023,1,6
1139,2023-02-12,12,2,2023,1,6
1140,2023-02-13,13,2,2023,1,7
1141,2023-02-14,14,2,2023,1,7
1142,2023-02-15,15,2,2023,1,7
1143,2023-02-16,16,2,2023,1,7
1144,2023-02-17,17,2,2023,1,7
1145,2023-02-18,18,2,2023,1,7
1146,2023-02-19,19,2,2023,1,7
1147,2023-02-20,20,2,2023,1,8
1148,2023-02-21,21,2,2023,1,8
1149,2023-02-22,22,2,2023,1,8
1150,2023-02-23,23,2,2023,1,8
1151,2023-02-24,24,2,2023,1,8
1152,2023-02-25,25,2,2023,1,8
1153,2023-02-26,26,2,2023,1,8
1154,2023-02-27,27,2,2023,1,9
1155,2023-02-28,28,2,2023,1,9
1156,2023-03-01,1,3,2023,1,9
1157,2023-03-02,2,3,2023,1,9
1158,2023-03-03,3,3,2023,1,9
1159,2023-03-04,4,3,2023,1,9
1160,2023-03-05,5,3,2023,1,9
1161,2023-03-06,6,3,2023,1,10
1162,2023-03-07,7,3,2023,1,10
1163,2023-03-08,8,3,2023,1,10
1164,2023-03-09,9,3,2023,1,10
1165,2023-03-10,10,3,2023,1,10
1166,2023-03-11,11,3,2023,1,10
1167,2023-03-12,12,3,2023,1,10
1168,2023-03-13,13,3,2023,1,11
1169,2023-03-14,14,3,2023,1,11
1170,2023-03-15,15,3,2023,1,11
1171,2023-03-16,16,3,2023,1,11
1172,2023-03-17,17,3,2023,1,11
1173,2023-03-18,18,3,2023,1,11
1174,2023-03-19,19,3,2023,1,11
1175,2023-03-20,20,3,2023,1,12
1176,2023-03-21,21,3,2023,1,12
1177,2023-03-22,22,3,2023,1,12
1178,2023-03-23,23,3,2023,1,12
1179,2023-03-24,24,3,2023,1,12
1180,2023-03-25,25,3,2023,1,12
1181,2023-03-26,26,3,2023,1,12
1182,2023-03-27,27,3,2023,1,13
1183,2023-03-28,28,3,2023,1,13
1184,2023-03-29,29,3,2023,1,13
1185,2023-03-30,30,3,2023,1,13
1186,2023-03-31,31,3,2023,1,13
1187,2023-04-01,1,4,2023,2,13
1188,2023-04-02,2,4,2023,2,13
1189,2023-04-03,3,4,2023,2,14
1190,2023-04-04,4,4,2023,2,14
1191,2023-04-05,5,4,2023,2,14
1192,2023-04-06,6,4,2023,2,14
1193,2023-04-07,7,4,2023,2,14
1194,2023-04-08,8,4,2023,2,14
1195,2023-04-09,9,4,2023,2,14
1196,2023-04-10,10,4,2023,2,15
1197,2023-04-11,11,4,2023,2,15
1198,2023-04-12,12,4,2023,2,15
1199,2023-04-13,13,4,2023,2,15
1200,2023-04-14,14,4,2023,2,15
1201,2023-04-15,15,4,2023,2,15
1202,2023-04-16,16,4,2023,2,15
1203,2023-04-17,17,4,2023,2,16
1204,2023-04-18,18,4,2023,2,16
1205,2023-04-19,19,4,2023,2,16
1206,2023-04-20,20,4,2023,2,16
1207,2023-04-21,21,4,2023,2,16
1208,2023-04-22,22,4,2023,2,16
1209,2023-04-23,23,4,2023,2,16
1210,2023-04-24,24,4,2023,2,17
1211,2023-04-25,25,4,2023,2,17
1212,2023-04-26,26,4,2023,2,17
1213,2023-04-27,27,4,2023,2,17
1214,2023-04-28,28,4,2023,2,17
1215,2023-04-29,29,4,2023,2,17
1216,2023-04-30,30,4,2023,2,17
1217,2023-05-01,1,5,2023,2,18
1218,2023-05-02,2,5,2023,2,18
1219,2023-05-03,3,5,2023,2,18
1220,2023-05-04,4,5,2023,2,18
1221,2023-05-05,5,5,2023,2,18
1222,2023-05-06,6,5,2023,2,18
1223,2023-05-07,7,5,2023,2,18
1224,2023-05-08,8,5,2023,2,19
1225,2023-05-09,9,5,2023,2,19
1226,2023-05-10,10,5,2023,2,19
1227,2023-05-11,11,5,2023,2,19
1228,2023-05-12,12,5,2023,2,19
1229,2023-05-13,13,5,2023,2,19
1230,2023-05-14,14,5,2023,2,19
1231,2023-05-15,15,5,2023,2,20
1232,2023-05-16,16,5,2023,2,20
1233,2023-05-17,17,5,2023,2,20
1234,2023-05-18,18,5,2023,2,20
1235,2023-05-19,19,5,2023,2,20
1236,2023-05-20,20,5,2023,2,20
1237,2023-05-21,21,5,2023,2,20
1238,2023-05-22,22,5,2023,2,21
1239,2023-05-23,23,5,2023,2,21
1240,2023-05-24,24,5,2023,2,21
1241,2023-05-25,25,5,2023,2,21
1242,2023-05-26,26,5,2023,2,21
1243,2023-05-27,27,5,2023,2,21
1244,2023-05-28,28,5,2023,2,21
1245,2023-05-29,29,5,2023,2,22
1246,2023-05-30,30,5,2023,2,22
1247,2023-05-31,31,5,2023,2,22
1248,2023-06-01,1,6,2023,2,22
1249,2023-06-02,2,6,2023,2,22
1250,2023-06-03,3,6,2023,2,22
1251,2023-06-04,4,6,2023,2,22
1252,2023-06-05,5,6,2023,2,23
1253,2023-06-06,6,6,2023,2,23
1254,2023-06-07,7,6,2023,2,23
1255,2023-06-08,8,6,2023,2,23
1256,2023-06-09,9,6,2023,2,23
1257,2023-06-10,10,6,2023,2,23
1258,2023-06-11,11,6,2023,2,23
1259,2023-06-12,12,6,2023,2,24
1260,2023-06-13,13,6,2023,2,24
1261,2023-06-14,14,6,2023,2,24
1262,2023-06-15,15,6,2023,2,24
1263,2023-06-16,16,6,2023,2,24
1264,2023-06-17,17,6,2023,2,24
1265,2023-06-18,18,6,2023,2,24
1266,2023-06-19,19,6,2023,2,25
1267,2023-06-20,20,6,2023,2,25
1268,2023-06-21,21,6,2023,2,25
1269,2023-06-22,22,6,2023,2,25
1270,2023-06-23,23,6,2023,2,25
1271,2023-06-24,24,6,2023,2,25
1272,2023-06-25,25,6,2023,2,25
1273,2023-06-26,26,6,2023,2,26
1274,2023-06-27,27,6,2023,2,26
1275,2023-06-28,28,6,2023,2,26
1276,2023-06-29,29,6,2023,2,26
1277,2023-06-30,30,6,2023,2,26
1278,2023-07-01,1,7,2023,3,26
1279,2023-07-02,2,7,2023,3,26
1280,2023-07-03,3,7,2023,3,27
1281,2023-07-04,4,7,2023,3,27
1282,2023-07-05,5,7,2023,3,27
1283,2023-07-06,6,7,2023,3,27
1284,2023-07-07,7,7,2023,3,27
1285,2023-07-08,8,7,2023,3,27
1286,2023-07-09,9,7,2023,3,27
1287,2023-07-10,10,7,2023,3,28
1288,2023-07-11,11,7,2023,3,28
1289,2023-07-12,12,7,2023,3,28
1290,2023-07-13,13,7,2023,3,28
1291,2023-07-14,14,7,2023,3,28
1292,2023-07-15,15,7,2023,3,28
1293,2023-07-16,16,7,2023,3,28
1294,2023-07-17,17,7,2023,3,29
1295,2023-07-18,18,7,2023,3,29
1296,2023-07-19,19,7,2023,3,29
1297,2023-07-20,20,7,2023,3,29
1298,2023-07-21,21,7,2023,3,29
1299,2023-07-22,22,7,2023,3,29
1300,2023-07-23,23,7,2023,3,29
1301,2023-07-24,24,7,2023,3,30
1302,2023-07-25,25,7,2023,3,30
1303,2023-07-26,26,7,2023,3,30
1304,2023-07-27,27,7,2023,3,30
1305,2023-07-28,28,7,2023,3,30
1306,2023-07-29,29,7,2023,3,30
1307,2023-07-30,30,7,2023,3,30
1308,2023-07-31,31,7,2023,3,31
1309,2023-08-01,1,8,2023,3,31
1310,2023-08-02,2,8,2023,3,31
1311,2023-08-03,3,8,2023,3,31
1312,2023-08-04,4,8,2023,3,31
1313,2023-08-05,5,8,2023,3,31
1314,2023-08-06,6,8,2023,3,31
1315,2023-08-07,7,8,2023,3,32
1316,2023-08-08,8,8,2023,3,32
1317,2023-08-09,9,8,2023,3,32
1318,2023-08-10,10,8,2023,3,32
1319,2023-08-11,11,8,2023,3,32
1320,2023-08-12,12,8,2023,3,32
1321,2023-08-13,13,8,2023,3,32
1322,2023-08-14,14,8,2023,3,33
1323,2023-08-15,15,8,2023,3,33
1324,2023-08-16,16,8,2023,3,33
1325,2023-08-17,17,8,2023,3,33
1326,2023-08-18,18,8,2023,3,33
1327,2023-08-19,19,8,2023,3,33
1328,2023-08-20,20,8,2023,3,33
1329,2023-08-21,21,8,2023,3,34
1330,2023-08-22,22,8,2023,3,34
1331,2023-08-23,23,8,2023,3,34
1332,2023-08-24,24,8,2023,3,34
1333,2023-08-25,25,8,2023,3,34
1334,2023-08-26,26,8,2023,3,34
1335,2023-08-27,27,8,2023,3,34
1336,2023-08-28,28,8,2023,3,35
1337,2023-08-29,29,8,2023,3,35
1338,2023-08-30,30,8,2023,3,35
1339,2023-08-31,31,8,2023,3,35
1340,2023-09-01,1,9,2023,3,35
1341,2023-09-02,2,9,2023,3,35
1342,2023-09-03,3,9,2023,3,35
1343,2023-09-04,4,9,2023,3,36
1344,2023-09-05,5,9,2023,3,36
1345,2023-09-06,6,9,2023,3,36
1346,2023-09-07,7,9,2023,3,36
1347,2023-09-08,8,9,2023,3,36
1348,2023-09-09,9,9,2023,3,36
1349,2023-09-10,10,9,2023,3,36
1350,2023-09-11,11,9,2023,3,37
1351,2023-09-12,12,9,2023,3,37
1352,2023-09-13,13,9,2023,3,37
1353,2023-09-14,14,9,2023,3,37
1354,2023-09-15,15,9,2023,3,37
1355,2023-09-16,16,9,2023,3,37
1356,2023-09-17,17,9,2023,3,37
1357,2023-09-18,18,9,2023,3,38
1358,2023-09-19,19,9,2023,3,38
1359,2023-09-20,20,9,2023,3,38
1360,2023-09-21,21,9,2023,3,38
1361,2023-09-22,22,9,2023,3,38
1362,2023-09-23,23,9,2023,3,38
1363,2023-09-24,24,9,2023,3,38
1364,2023-09-25,25,9,2023,3,39
1365,2023-09-26,26,9,2023,3,39
1366,2023-09-27,27,9,2023,3,39
1367,2023-09-28,28,9,2023,3,39
1368,2023-09-29,29,9,2023,3,39
1369,2023-09-30,30,9,2023,3,39
1370,2023-10-01,1,10,2023,4,39
1371,2023-10-02,2,10,2023,4,40
1372,2023-10-03,3,10,2023,4,40
1373,2023-10-04,4,10,2023,4,40
1374,2023-10-05,5,10,2023,4,40
1375,2023-10-06,6,10,2023,4,40
1376,2023-10-07,7,10,2023,4,40
1377,2023-10-08,8,10,2023,4,40
1378,2023-10-09,9,10,2023,4,41
1379,2023-10-10,10,10,2023,4,41
1380,2023-10-11,11,10,2023,4,41
1381,2023-10-12,12,10,2023,4,41
1382,2023-10-13,13,10,2023,4,41
1383,2023-10-14,14,10,2023,4,41
1384,2023-10-15,15,10,2023,4,41
1385,2023-10-16,16,10,2023,4,42
1386,2023-10-17,17,10,2023,4,42
1387,2023-10-18,18,10,2023,4,42
1388,2023-10-19,19,10,2023,4,42
1389,2023-10-20,20,10,2023,4,42
1390,2023-10-21,21,10,2023,4,42
1391,2023-10-22,22,10,2023,4,42
1392,2023-10-23,23,10,2023,4,43
1393,2023-10-24,24,10,2023,4,43
1394,2023-10-25,25,10,2023,4,43
1395,2023-10-26,26,10,2023,4,43
1396,2023-10-27,27,10,2023,4,43
1397,2023-10-28,28,10,2023,4,43
1398,2023-10-29,29,10,2023,4,43
1399,2023-10-30,30,10,2023,4,44
1400,2023-10-31,31,10,2023,4,44
1401,2023-11-01,1,11,2023,4,44
1402,2023-11-02,2,11,2023,4,44
1403,2023-11-03,3,11,2023,4,44
1404,2023-11-04,4,11,2023,4,44
1405,2023-11-05,5,11,2023,4,44
1406,2023-11-06,6,11,2023,4,45
1407,2023-11-07,7,11,2023,4,45
1408,2023-11-08,8,11,2023,4,45
1409,2023-11-09,9,11,2023,4,45
1410,2023-11-10,10,11,2023,4,45
1411,2023-11-11,11,11,2023,4,45
1412,2023-11-12,12,11,2023,4,45
1413,2023-11-13,13,11,2023,4,46
1414,2023-11-14,14,11,2023,4,46
1415,2023-11-15,15,11,2023,4,46
1416,2023-11-16,16,11,2023,4,46
1417,2023-11-17,17,11,2023,4,46
1418,2023-11-18,18,11,2023,4,46
1419,2023-11-19,19,11,2023,4,46
1420,2023-11-20,20,11,2023,4,47
1421,2023-11-21,21,11,2023,4,47
1422,2023-11-22,22,11,2023,4,47
1423,2023-11-23,23,11,2023,4,47
1424,2023-11-24,24,11,2023,4,47
1425,2023-11-25,25,11,2023,4,47
1426,2023-11-26,26,11,2023,4,47
1427,2023-11-27,27,11,2023,4,48
1428,2023-11-28,28,11,2023,4,48
1429,2023-11-29,29,11,2023,4,48
1430,2023-11-30,30,11,2023,4,48
1431,2023-12-01,1,12,2023,4,48
1432,2023-12-02,2,12,2023,4,48
1433,2023-12-03,3,12,2023,4,48
1434,2023-12-04,4,12,2023,4,49
1435,2023-12-05,5,12,2023,4,49
1436,2023-12-06,6,12,2023,4,49
1437,2023-12-07,7,12,2023,4,49
1438,2023-12-08,8,12,2023,4,49
1439,2023-12-09,9,12,2023,4,49
1440,2023-12-10,10,12,2023,4,49
1441,2023-12-11,11,12,2023,4,50
1442,2023-12-12,12,12,2023,4,50
1443,2023-12-13,13,12,2023,4,50
1444,2023-12-14,14,12,2023,4,50
1445,2023-12-15,15,12,2023,4,50
1446,2023-12-16,16,12,2023,4,50
1447,2023-12-17,17,12,2023,4,50
1448,2023-12-18,18,12,2023,4,51
1449,2023-12-19,19,12,2023,4,51
1450,2023-12-20,20,12,2023,4,51
1451,2023-12-21,21,12,2023,4,51
1452,2023-12-22,22,12,2023,4,51
1453,2023-12-23,23,12,2023,4,51
1454,2023-12-24,24,12,2023,4,51
1455,2023-12-25,25,12,2023,4,52
1456,2023-12-26,26,12,2023,4,52
1457,2023-12-27,27,12,2023,4,52
1458,2023-12-28,28,12,2023,4,52
1459,2023-12-29,29,12,2023,4,52
1460,2023-12-30,30,12,2023,4,52
1461,2023-12-31,31,12,2023,4,52
1462,2024-01-01,1,1,2024,1,1
